{
  "model": "Qwen/Qwen2.5-3B-Instruct",
  "accuracy": 0.75,
  "macro_f1": 0.7501183085267371,
  "n_train": 9600,
  "n_test": 1200,
  "epochs": 3.0,
  "silhouette_base": -0.06575964391231537,
  "silhouette_finetuned": 0.04381167143583298
}