k,accuracy,n
0,0.7758620689655172,116
1,0.7931034482758621,116
3,0.853448275862069,116
5,0.896551724137931,116
