k,accuracy,n
0,0.9655172413793104,116
1,0.9741379310344828,116
3,0.9827586206896551,116
5,0.9827586206896551,116
