k,accuracy,n
0,0.7678571428571429,56
1,0.8035714285714286,56
3,0.9464285714285714,56
5,0.9107142857142857,56
